{
    "0": [
        [
            1.0,
            0.0,
            0.0,
            0.0
        ],
        [
            0.0,
            1.0,
            0.0,
            0.0
        ],
        [
            0.0,
            0.0,
            1.0,
            0.0
        ],
        [
            0.0,
            0.0,
            0.0,
            1.0
        ]
    ],
    "1": [
        [
            1.0,
            0.0,
            0.0,
            -0.15000000596046448
        ],
        [
            0.0,
            1.0,
            0.0,
            0.0
        ],
        [
            0.0,
            0.0,
            1.0,
            0.0
        ],
        [
            0.0,
            0.0,
            0.0,
            1.0
        ]
    ],
    "2": [
        [
            1.0,
            0.0,
            0.0,
            -0.25
        ],
        [
            0.0,
            1.0,
            0.0,
            0.0
        ],
        [
            0.0,
            0.0,
            1.0,
            0.0
        ],
        [
            0.0,
            0.0,
            0.0,
            1.0
        ]
    ],
    "3": [
        [
            1.0,
            0.0,
            0.0,
            -0.375
        ],
        [
            0.0,
            1.0,
            0.0,
            0.0
        ],
        [
            0.0,
            0.0,
            1.0,
            0.0
        ],
        [
            0.0,
            0.0,
            0.0,
            1.0
        ]
    ],
    "4": [
        [
            1.0,
            0.0,
            0.0,
            -0.4749999940395355
        ],
        [
            0.0,
            1.0,
            0.0,
            0.0
        ],
        [
            0.0,
            0.0,
            1.0,
            0.0
        ],
        [
            0.0,
            0.0,
            0.0,
            1.0
        ]
    ],
    "5": [
        [
            1.0,
            0.0,
            0.0,
            -0.6000000238418579
        ],
        [
            0.0,
            1.0,
            0.0,
            0.0
        ],
        [
            0.0,
            0.0,
            1.0,
            0.0
        ],
        [
            0.0,
            0.0,
            0.0,
            1.0
        ]
    ],
    "6": [
        [
            1.0,
            0.0,
            0.0,
            -0.6000000238418579
        ],
        [
            0.0,
            1.0,
            0.0,
            0.0
        ],
        [
            0.0,
            0.0,
            1.0,
            0.32499998807907104
        ],
        [
            0.0,
            0.0,
            0.0,
            1.0
        ]
    ],
    "7": [
        [
            1.0,
            0.0,
            0.0,
            -0.44999998807907104
        ],
        [
            0.0,
            1.0,
            0.0,
            0.0
        ],
        [
            0.0,
            0.0,
            1.0,
            0.32499998807907104
        ],
        [
            0.0,
            0.0,
            0.0,
            1.0
        ]
    ],
    "8": [
        [
            1.0,
            0.0,
            0.0,
            4.85722573273506e-17
        ],
        [
            0.0,
            1.0,
            0.0,
            0.0
        ],
        [
            0.0,
            0.0,
            1.0,
            0.32499998807907104
        ],
        [
            0.0,
            0.0,
            0.0,
            1.0
        ]
    ],
    "9": [
        [
            1.0,
            0.0,
            0.0,
            0.30000001192092896
        ],
        [
            0.0,
            1.0,
            0.0,
            0.0
        ],
        [
            0.0,
            0.0,
            1.0,
            0.32499998807907104
        ],
        [
            0.0,
            0.0,
            0.0,
            1.0
        ]
    ],
    "10": [
        [
            1.0,
            0.0,
            0.0,
            0.4749999940395355
        ],
        [
            0.0,
            1.0,
            0.0,
            0.0
        ],
        [
            0.0,
            0.0,
            1.0,
            0.32499998807907104
        ],
        [
            0.0,
            0.0,
            0.0,
            1.0
        ]
    ],
    "11": [
        [
            0.9876883625984192,
            0.0,
            0.15643446147441864,
            0.5199931859970093
        ],
        [
            0.0,
            1.0,
            0.0,
            0.0
        ],
        [
            -0.15643446147441864,
            0.0,
            0.9876883625984192,
            0.24669234454631805
        ],
        [
            0.0,
            0.0,
            0.0,
            1.0
        ]
    ],
    "12": [
        [
            0.9876883625984192,
            0.0,
            0.15643446147441864,
            0.5199931859970093
        ],
        [
            0.0,
            1.0,
            0.0,
            0.0
        ],
        [
            -0.15643446147441864,
            0.0,
            0.9876883625984192,
            0.046692341566085815
        ],
        [
            0.0,
            0.0,
            0.0,
            1.0
        ]
    ],
    "13": [
        [
            0.9455185532569885,
            0.0,
            0.32556816935539246,
            0.5202013254165649
        ],
        [
            0.0,
            1.0,
            0.0,
            0.0
        ],
        [
            -0.32556816935539246,
            0.0,
            0.9455185532569885,
            -0.04431288689374924
        ],
        [
            0.0,
            0.0,
            0.0,
            1.0
        ]
    ]
}